{
  "model_name": "Logistic Regression",
  "best_params": {
    "model__C": 0.1,
    "model__class_weight": null,
    "model__solver": "lbfgs"
  },
  "decision_threshold": 0.605,
  "threshold_strategy": "max_f1",
  "min_precision": 0.2,
  "training_rows": 784,
  "holdout_rows": 197,
  "holdout_positive_rate": 0.10152284263959391,
  "holdout_metrics": {
    "threshold": 0.605,
    "accuracy": 0.7411167512690355,
    "balanced_accuracy": 0.6563559322033898,
    "precision": 0.20754716981132076,
    "recall": 0.55,
    "sensitivity": 0.55,
    "specificity": 0.7627118644067796,
    "f1_score": 0.3013698630136986,
    "roc_auc": 0.7347457627118643,
    "pr_auc": 0.18533593858362202,
    "brier_score": 0.19151591996223857,
    "tn": 135,
    "fp": 42,
    "fn": 9,
    "tp": 11,
    "confusion_matrix": [
      [
        135,
        42
      ],
      [
        9,
        11
      ]
    ]
  },
  "cv_summary": {
    "accuracy": {
      "mean": 0.7631689259077794,
      "std": 0.03286754143648392,
      "ci_low": 0.7465356550008463,
      "ci_high": 0.7798021968147125
    },
    "balanced_accuracy": {
      "mean": 0.6723902397838567,
      "std": 0.03606952144264609,
      "ci_low": 0.6541365434190596,
      "ci_high": 0.6906439361486538
    },
    "precision": {
      "mean": 0.23144432151661296,
      "std": 0.03144713147348266,
      "ci_low": 0.21552987722952793,
      "ci_high": 0.24735876580369798
    },
    "recall": {
      "mean": 0.5583333333333333,
      "std": 0.07642495541067597,
      "ci_low": 0.5196569696067482,
      "ci_high": 0.5970096970599185
    },
    "f1_score": {
      "mean": 0.32588754079763377,
      "std": 0.03928998673201916,
      "ci_low": 0.3060040641309532,
      "ci_high": 0.3457710174643143
    },
    "roc_auc": {
      "mean": 0.7616472475515029,
      "std": 0.03468898774813435,
      "ci_low": 0.7440921976303815,
      "ci_high": 0.7792022974726244
    },
    "pr_auc": {
      "mean": 0.24768472684037804,
      "std": 0.06781881755697533,
      "ci_low": 0.21336366978191249,
      "ci_high": 0.2820057838988436
    },
    "specificity": {
      "mean": 0.7864471462343802,
      "std": 0.03881426279625601,
      "ci_low": 0.7668044190960984,
      "ci_high": 0.8060898733726619
    },
    "brier_score": {
      "mean": 0.1930619510025774,
      "std": 0.017116043762034506,
      "ci_low": 0.18440003774998398,
      "ci_high": 0.2017238642551708
    }
  }
}